service_id,name,service_type,district_id,schedule,capacity,channels,eligibility,referral_information,latitude,longitude
SRV_AE_001,Espacio Brújula Orientación,counseling,DIST_GAIA,Mon-Fri 09:00-18:00,42,"in_person,digital",Aethera students; fictional orientation service,"student_id, preferred channel, non-clinical reason code",-18.7,-72.5
SRV_AE_002,Espacio Brújula Pares,peer_support,DIST_GAIA,Mon-Sat 12:00-20:00,55,"in_person,phone",Aethera students; fictional orientation service,"student_id, preferred channel, non-clinical reason code",-18.68,-72.475
SRV_AE_003,Espacio Brújula Trayectoria,career_guidance,DIST_GAIA,Mon-Fri 09:00-18:00,68,"in_person,digital",Aethera students; fictional orientation service,"student_id, preferred channel, non-clinical reason code",-18.66,-72.45
SRV_AE_004,Espacio Lumen Orientación,counseling,DIST_NEBULA,Mon-Fri 09:00-18:00,53,"in_person,digital",Aethera students; fictional orientation service,"student_id, preferred channel, non-clinical reason code",-18.59,-72.33
SRV_AE_005,Espacio Lumen Pares,peer_support,DIST_NEBULA,Mon-Sat 12:00-20:00,66,"in_person,phone",Aethera students; fictional orientation service,"student_id, preferred channel, non-clinical reason code",-18.57,-72.30499999999999
SRV_AE_006,Espacio Lumen Trayectoria,career_guidance,DIST_NEBULA,Mon-Fri 09:00-18:00,79,"in_person,digital",Aethera students; fictional orientation service,"student_id, preferred channel, non-clinical reason code",-18.55,-72.28
SRV_AE_007,Espacio Trama Orientación,counseling,DIST_VECTOR,Mon-Fri 09:00-18:00,64,"in_person,digital",Aethera students; fictional orientation service,"student_id, preferred channel, non-clinical reason code",-18.48,-72.16
SRV_AE_008,Espacio Trama Pares,peer_support,DIST_VECTOR,Mon-Sat 12:00-20:00,77,"in_person,phone",Aethera students; fictional orientation service,"student_id, preferred channel, non-clinical reason code",-18.46,-72.13499999999999
SRV_AE_009,Espacio Trama Trayectoria,career_guidance,DIST_VECTOR,Mon-Fri 09:00-18:00,90,"in_person,digital",Aethera students; fictional orientation service,"student_id, preferred channel, non-clinical reason code",-18.44,-72.11
SRV_AE_010,Espacio Umbral Orientación,counseling,DIST_HORIZON,Mon-Fri 09:00-18:00,75,"in_person,digital",Aethera students; fictional orientation service,"student_id, preferred channel, non-clinical reason code",-18.37,-71.99
SRV_AE_011,Espacio Umbral Pares,peer_support,DIST_HORIZON,Mon-Sat 12:00-20:00,88,"in_person,phone",Aethera students; fictional orientation service,"student_id, preferred channel, non-clinical reason code",-18.35,-71.96499999999999
SRV_AE_012,Espacio Umbral Trayectoria,career_guidance,DIST_HORIZON,Mon-Fri 09:00-18:00,101,"in_person,digital",Aethera students; fictional orientation service,"student_id, preferred channel, non-clinical reason code",-18.330000000000002,-71.94
SRV_AE_013,Espacio Nexo Orientación,counseling,DIST_QUANTUM,Mon-Fri 09:00-18:00,86,"in_person,digital",Aethera students; fictional orientation service,"student_id, preferred channel, non-clinical reason code",-18.259999999999998,-71.82
SRV_AE_014,Espacio Nexo Pares,peer_support,DIST_QUANTUM,Mon-Sat 12:00-20:00,99,"in_person,phone",Aethera students; fictional orientation service,"student_id, preferred channel, non-clinical reason code",-18.24,-71.79499999999999
SRV_AE_015,Espacio Nexo Trayectoria,career_guidance,DIST_QUANTUM,Mon-Fri 09:00-18:00,112,"in_person,digital",Aethera students; fictional orientation service,"student_id, preferred channel, non-clinical reason code",-18.22,-71.77